epoch,step,trainMulticlassAccuracy_epoch,trainMulticlassAccuracy_step,train_loss_epoch,train_loss_step
0,49,,0.0,,0.13815374672412872
0,99,,0.0,,0.1078622117638588
0,149,,0.0,,0.10166771709918976
0,199,,0.0,,0.09881801158189774
0,249,,0.0,,0.09785790741443634
0,299,,0.0,,0.09329910576343536
0,349,,0.0,,0.09367786347866058
0,399,,1.0,,0.08826318383216858
0,449,,0.0,,0.0908307433128357
0,499,,0.0,,0.0908360481262207
0,549,,0.0,,0.09202827513217926
0,599,,1.0,,0.08560499548912048
0,649,,0.0,,0.0906045138835907
0,699,,0.0,,0.0915246307849884
0,749,,0.0,,0.0891747772693634
0,799,,0.0,,0.08893784880638123
0,849,,0.0,,0.09119122475385666
0,899,,1.0,,0.08510784804821014
0,949,,0.0,,0.09484482556581497
0,999,,0.0,,0.09065735340118408
0,1049,,0.0,,0.09092263877391815
0,1099,,0.0,,0.08956748992204666
0,1149,,0.0,,0.09035855531692505
0,1199,,0.0,,0.09285236150026321
0,1249,,0.0,,0.09189114719629288
0,1299,,1.0,,0.08439930528402328
0,1349,,1.0,,0.08250059932470322
0,1399,,0.0,,0.09234177321195602
0,1449,,0.0,,0.09132294356822968
0,1499,,0.0,,0.09031952917575836
0,1549,,0.0,,0.0908716693520546
0,1599,,0.0,,0.08788514137268066
0,1649,,0.0,,0.09076894074678421
0,1699,,1.0,,0.08775439858436584
0,1749,,0.0,,0.09016384929418564
0,1799,,1.0,,0.0880967453122139
0,1849,,0.0,,0.09110871702432632
0,1899,,0.0,,0.09253668040037155
0,1949,,0.0,,0.08914550393819809
0,1999,,0.0,,0.09178817272186279
0,2049,,0.0,,0.09230773150920868
0,2099,,0.0,,0.0923323780298233
0,2149,,0.0,,0.09094201773405075
0,2199,,1.0,,0.08816087245941162
0,2249,,0.0,,0.09023382514715195
0,2299,,0.0,,0.08834932744503021
0,2349,,0.0,,0.08987324684858322
0,2399,,1.0,,0.08559521287679672
0,2449,,1.0,,0.08650575578212738
0,2499,,0.0,,0.08896690607070923
0,2549,,0.0,,0.09048619121313095
0,2599,,0.0,,0.08994844555854797
0,2649,,0.0,,0.09256081283092499
0,2699,,0.0,,0.08976585417985916
0,2749,,0.0,,0.08920065313577652
0,2799,,1.0,,0.08710002899169922
0,2849,,0.0,,0.09228889644145966
0,2899,,0.0,,0.09125823527574539
0,2949,,1.0,,0.08492220938205719
0,2999,,0.0,,0.09160850942134857
0,3049,,0.0,,0.09231159836053848
0,3099,,0.0,,0.09226485341787338
0,3149,,0.0,,0.09092958271503448
0,3199,,0.0,,0.09288164973258972
0,3249,,0.0,,0.09301519393920898
0,3299,,0.0,,0.08991068601608276
0,3349,,0.0,,0.08724953234195709
0,3399,,0.0,,0.08892999589443207
0,3449,,0.0,,0.08669866621494293
0,3499,,0.0,,0.09246581792831421
0,3549,,0.0,,0.09031681716442108
0,3599,,0.0,,0.08619909733533859
0,3649,,0.0,,0.09053626656532288
0,3699,,0.0,,0.09141238033771515
0,3749,,0.0,,0.09045572578907013
0,3799,,0.0,,0.09009556472301483
0,3849,,0.0,,0.08997466415166855
0,3899,,0.0,,0.08869317173957825
0,3949,,0.0,,0.08825422823429108
0,3999,,0.0,,0.08907613158226013
0,4049,,0.0,,0.08954198658466339
0,4099,,0.0,,0.09294867515563965
0,4149,,0.0,,0.09271381050348282
0,4199,,0.0,,0.08781489729881287
0,4249,,1.0,,0.08604644238948822
0,4299,,0.0,,0.09009255468845367
0,4349,,0.0,,0.09037227928638458
0,4399,,0.0,,0.08872956782579422
0,4449,,0.0,,0.09213696420192719
0,4499,,0.0,,0.09062296897172928
0,4549,,0.0,,0.08941038697957993
0,4599,,0.0,,0.09140987694263458
0,4649,,0.0,,0.08956646174192429
0,4699,,1.0,,0.08273575454950333
0,4749,,0.0,,0.0923098474740982
0,4799,,0.0,,0.09069856256246567
0,4849,,0.0,,0.09209904819726944
0,4899,,0.0,,0.0916326493024826
0,4949,,0.0,,0.09174954146146774
0,4999,,0.0,,0.08818980306386948
0,5049,,0.0,,0.08843216300010681
0,5099,,1.0,,0.08621127903461456
0,5149,,0.0,,0.0869099423289299
0,5199,,0.0,,0.0916673019528389
0,5249,,1.0,,0.0828808844089508
0,5299,,0.0,,0.08906035125255585
0,5349,,0.0,,0.09097783267498016
0,5399,,0.0,,0.09013397246599197
0,5449,,0.0,,0.08583290874958038
0,5499,,1.0,,0.08213996887207031
0,5549,,0.0,,0.0924893170595169
0,5599,,0.0,,0.08889297395944595
0,5649,,0.0,,0.09283165633678436
0,5699,,1.0,,0.08444534987211227
0,5749,,0.0,,0.09255172312259674
0,5799,,1.0,,0.08679348230361938
0,5849,,0.0,,0.08852879703044891
0,5899,,1.0,,0.08612622320652008
0,5949,,0.0,,0.08837230503559113
0,5999,,0.0,,0.09379096329212189
0,6049,,0.0,,0.09147243201732635
0,6099,,1.0,,0.08757070451974869
0,6149,,0.0,,0.09057651460170746
0,6199,,0.0,,0.08704185485839844
0,6249,,0.0,,0.0878753513097763
0,6299,,0.0,,0.09265720844268799
0,6349,,1.0,,0.08628912270069122
0,6399,,1.0,,0.0871894434094429
0,6449,,1.0,,0.08705458045005798
0,6499,,0.0,,0.09326191991567612
0,6549,,0.0,,0.08960990607738495
0,6599,,0.0,,0.09298118948936462
0,6649,,1.0,,0.08584276586771011
0,6699,,1.0,,0.08144386112689972
0,6749,,0.0,,0.0882420539855957
0,6799,,0.0,,0.09372716397047043
0,6849,,0.0,,0.09230159223079681
0,6899,,0.0,,0.09222615510225296
0,6949,,0.0,,0.0909021645784378
0,6999,,0.0,,0.09447254240512848
0,7049,,0.0,,0.09345903247594833
0,7099,,0.0,,0.08857697248458862
0,7149,,0.0,,0.08844263851642609
0,7199,,0.0,,0.08764246106147766
0,7249,,0.0,,0.08801470696926117
0,7299,,0.0,,0.09124481678009033
0,7349,,0.0,,0.09275232255458832
0,7399,,0.0,,0.09143801033496857
0,7449,,0.0,,0.09120714664459229
0,7499,,0.0,,0.09103459864854813
0,7549,,1.0,,0.08467401564121246
0,7599,,0.0,,0.09391219913959503
0,7649,,0.0,,0.09116977453231812
0,7699,,0.0,,0.0863334983587265
0,7749,,0.0,,0.08643519878387451
0,7799,,0.0,,0.09127021580934525
0,7849,,0.0,,0.09168112277984619
0,7899,,0.0,,0.08469253778457642
0,7949,,0.0,,0.08956252038478851
0,7999,,0.0,,0.09035469591617584
0,8049,,0.0,,0.08655931055545807
0,8099,,0.0,,0.09152507036924362
0,8149,,0.0,,0.0906691774725914
0,8199,,0.0,,0.09382708370685577
0,8249,,0.0,,0.08964037895202637
0,8299,,0.0,,0.08871809393167496
0,8349,,0.0,,0.09311732649803162
0,8399,,1.0,,0.08464305102825165
0,8449,,0.0,,0.08858532458543777
0,8499,,0.0,,0.09393595904111862
0,8549,,0.0,,0.09306292235851288
0,8599,,0.0,,0.08903326839208603
0,8649,,0.0,,0.08892618119716644
0,8699,,0.0,,0.08800356835126877
0,8749,,0.0,,0.0884791761636734
0,8799,,0.0,,0.08833744376897812
0,8849,,0.0,,0.09287620335817337
0,8899,,0.0,,0.09026478976011276
0,8949,,0.0,,0.08946666866540909
0,8999,,0.0,,0.09272084385156631
0,9049,,0.0,,0.0893126130104065
0,9099,,0.0,,0.09157958626747131
0,9149,,0.0,,0.09216418117284775
0,9199,,0.0,,0.09068664908409119
0,9249,,0.0,,0.09195132553577423
0,9299,,1.0,,0.08426962792873383
0,9349,,0.0,,0.09125854820013046
0,9399,,0.0,,0.09122425317764282
0,9449,,0.0,,0.08893831074237823
0,9499,,0.0,,0.08828910440206528
0,9549,,0.0,,0.09082052856683731
0,9599,,0.0,,0.09175792336463928
0,9649,,0.0,,0.09008239209651947
0,9699,,0.0,,0.09242565929889679
0,9749,,1.0,,0.08514733612537384
0,9799,,1.0,,0.0865078791975975
0,9849,,0.0,,0.08957551419734955
0,9899,,0.0,,0.09147793799638748
0,9949,,0.0,,0.09109552949666977
0,9999,,0.0,,0.09195691347122192
0,10049,,0.0,,0.09057264029979706
0,10099,,1.0,,0.08811990171670914
0,10149,,0.0,,0.0882982462644577
0,10199,,0.0,,0.09169335663318634
0,10249,,0.0,,0.0879804715514183
0,10299,,0.0,,0.09113094955682755
0,10349,,0.0,,0.08793523162603378
0,10399,,0.0,,0.09008939564228058
0,10449,,0.0,,0.09155699610710144
0,10499,,0.0,,0.08901359885931015
0,10549,,0.0,,0.08934856206178665
0,10599,,0.0,,0.08916166424751282
0,10649,,0.0,,0.09294534474611282
0,10699,,0.0,,0.09416893869638443
0,10749,,0.0,,0.09237194806337357
0,10799,,0.0,,0.0892777219414711
0,10849,,0.0,,0.09014184772968292
0,10899,,0.0,,0.09003018587827682
0,10949,,0.0,,0.08785219490528107
0,10999,,0.0,,0.08983615040779114
0,11049,,0.0,,0.08705224096775055
0,11099,,0.0,,0.08732862770557404
0,11149,,0.0,,0.08898913115262985
0,11199,,0.0,,0.0882187932729721
0,11249,,0.0,,0.09268729388713837
0,11299,,0.0,,0.08841471374034882
0,11349,,0.0,,0.08886218816041946
0,11399,,0.0,,0.09362958371639252
0,11449,,0.0,,0.09393096715211868
0,11499,,1.0,,0.08693306148052216
0,11549,,0.0,,0.08992581069469452
0,11599,,0.0,,0.09047670662403107
0,11649,,0.0,,0.08935996145009995
0,11699,,0.0,,0.09039388597011566
0,11749,,0.0,,0.08935309946537018
0,11799,,0.0,,0.09006497263908386
0,11849,,0.0,,0.08916061371564865
0,11899,,0.0,,0.09121734648942947
0,11949,,0.0,,0.09127430617809296
0,11999,,0.0,,0.0923135057091713
0,12049,,1.0,,0.08778498321771622
0,12099,,0.0,,0.09335469454526901
0,12149,,0.0,,0.09117487818002701
0,12199,,0.0,,0.08935590088367462
0,12249,,0.0,,0.08867347240447998
0,12299,,0.0,,0.09049887955188751
0,12349,,0.0,,0.09065739810466766
0,12399,,0.0,,0.08984449505805969
0,12449,,0.0,,0.09082638472318649
0,12499,,0.0,,0.089854396879673
0,12549,,0.0,,0.09080567210912704
0,12599,,0.0,,0.09330163896083832
0,12649,,0.0,,0.09016376733779907
0,12699,,0.0,,0.0905241146683693
0,12749,,0.0,,0.09073956310749054
0,12799,,0.0,,0.09192873537540436
0,12849,,0.0,,0.08925206959247589
0,12899,,1.0,,0.08736570924520493
0,12949,,0.0,,0.0908661037683487
0,12999,,0.0,,0.09042012691497803
0,13049,,0.0,,0.08970706164836884
0,13099,,0.0,,0.09321663528680801
0,13149,,0.0,,0.09011195600032806
0,13199,,0.0,,0.08921939134597778
0,13249,,0.0,,0.0910860151052475
0,13299,,0.0,,0.09055174887180328
0,13349,,1.0,,0.0851866826415062
0,13399,,0.0,,0.09150122106075287
0,13449,,0.0,,0.09295828640460968
0,13499,,0.0,,0.0900227427482605
0,13549,,0.0,,0.09116698056459427
0,13599,,0.0,,0.08801564574241638
0,13649,,0.0,,0.08861754834651947
0,13699,,0.0,,0.08918126672506332
0,13749,,0.0,,0.0916123241186142
0,13799,,0.0,,0.08729581534862518
0,13849,,0.0,,0.08970919996500015
0,13899,,0.0,,0.09241809695959091
0,13949,,0.0,,0.09039401262998581
0,13999,,0.0,,0.09134890139102936
0,14049,,0.0,,0.09251368045806885
0,14099,,0.0,,0.09030731767416
0,14149,,0.0,,0.09092111885547638
0,14199,,0.0,,0.08996693044900894
0,14249,,0.0,,0.0907047837972641
0,14299,,0.0,,0.09035912901163101
0,14349,,0.0,,0.09156986325979233
0,14399,,0.0,,0.09038294851779938
0,14449,,1.0,,0.08711979538202286
0,14499,,0.0,,0.09251396358013153
0,14549,,1.0,,0.08700945973396301
0,14599,,0.0,,0.08841177821159363
0,14649,,0.0,,0.08869607001543045
0,14699,,1.0,,0.0861549824476242
0,14749,,0.0,,0.08898623287677765
0,14799,,0.0,,0.09271783381700516
0,14849,,0.0,,0.09361182153224945
0,14899,,0.0,,0.09115384519100189
0,14949,,0.0,,0.09421340376138687
0,14999,,0.0,,0.08771886676549911
0,15049,,0.0,,0.08979450166225433
0,15099,,0.0,,0.08990321308374405
0,15149,,0.0,,0.09009334444999695
0,15199,,1.0,,0.08290752023458481
0,15249,,1.0,,0.0796305239200592
0,15299,,0.0,,0.0887211263179779
0,15349,,0.0,,0.08859085291624069
0,15399,,0.0,,0.09111795574426651
0,15449,,0.0,,0.09101410210132599
0,15499,,0.0,,0.08801089227199554
0,15549,,1.0,,0.083083875477314
0,15599,,0.0,,0.09014121443033218
0,15649,,0.0,,0.08847302198410034
0,15699,,1.0,,0.08551375567913055
0,15749,,0.0,,0.08809532225131989
0,15799,,0.0,,0.0924396961927414
0,15849,,0.0,,0.08862259238958359
0,15899,,0.0,,0.09143998473882675
0,15949,,0.0,,0.09005140513181686
0,15999,,0.0,,0.09381000697612762
0,16049,,0.0,,0.09044408053159714
0,16099,,1.0,,0.08275031298398972
0,16149,,0.0,,0.0919928029179573
0,16199,,0.0,,0.08732377737760544
0,16249,,0.0,,0.0935632586479187
0,16299,,0.0,,0.0861629769206047
0,16349,,0.0,,0.09001602977514267
0,16399,,0.0,,0.09145817905664444
0,16449,,1.0,,0.0845022052526474
0,16499,,0.0,,0.08738730847835541
0,16549,,0.0,,0.09103727340698242
0,16599,,0.0,,0.0933152362704277
0,16649,,0.0,,0.0912800058722496
0,16699,,0.0,,0.09113426506519318
0,16749,,0.0,,0.08906947076320648
0,16799,,0.0,,0.08965213596820831
0,16849,,0.0,,0.08936111629009247
0,16899,,0.0,,0.08988042175769806
0,16949,,0.0,,0.0886736661195755
0,16999,,1.0,,0.08695104718208313
0,17049,,1.0,,0.0867408961057663
0,17099,,0.0,,0.09115972369909286
0,17149,,0.0,,0.0885089561343193
0,17199,,0.0,,0.09298042953014374
0,17249,,0.0,,0.09073309600353241
0,17299,,0.0,,0.09222600609064102
0,17349,,1.0,,0.08196227997541428
0,17399,,1.0,,0.08112462610006332
0,17449,,1.0,,0.07918591797351837
0,17499,,0.0,,0.08825526386499405
0,17549,,0.0,,0.09358969330787659
0,17599,,0.0,,0.09009547531604767
0,17649,,0.0,,0.09070343524217606
0,17699,,0.0,,0.09079267084598541
0,17749,,0.0,,0.09335192292928696
0,17799,,0.0,,0.09097032248973846
0,17849,,0.0,,0.09391570091247559
0,17899,,0.0,,0.09085424244403839
0,17949,,0.0,,0.09071815013885498
0,17999,,0.0,,0.08983267843723297
0,18049,,0.0,,0.08928421884775162
0,18099,,0.0,,0.09010739624500275
0,18149,,0.0,,0.08797772973775864
0,18199,,0.0,,0.09158700704574585
0,18249,,0.0,,0.08986718952655792
0,18299,,0.0,,0.08866225183010101
0,18349,,0.0,,0.0928337424993515
0,18399,,0.0,,0.09310577064752579
0,18449,,0.0,,0.08828051388263702
0,18499,,0.0,,0.0906938761472702
0,18549,,0.0,,0.08935460448265076
0,18599,,0.0,,0.09082786738872528
0,18649,,1.0,,0.08475528657436371
0,18699,,0.0,,0.09238509088754654
0,18749,,0.0,,0.09107706695795059
0,18799,,0.0,,0.09032796323299408
0,18849,,0.0,,0.08888445794582367
0,18899,,0.0,,0.09177906066179276
0,18949,,1.0,,0.08588601648807526
0,18999,,0.0,,0.09084255993366241
0,19049,,0.0,,0.09096775203943253
0,19099,,0.0,,0.08768198639154434
0,19149,,0.0,,0.08978047221899033
0,19199,,0.0,,0.09057935327291489
0,19249,,1.0,,0.08259294927120209
0,19299,,0.0,,0.09035085141658783
0,19349,,0.0,,0.08960594236850739
0,19399,,1.0,,0.07866169512271881
0,19449,,0.0,,0.09173338860273361
0,19499,,0.0,,0.09151340276002884
0,19549,,0.0,,0.09030728787183762
0,19599,,0.0,,0.09202519059181213
0,19649,,0.0,,0.08986394852399826
0,19699,,1.0,,0.08222716301679611
0,19749,,0.0,,0.08929459005594254
0,19799,,0.0,,0.08988057076931
0,19849,,0.0,,0.09139270335435867
0,19899,,0.0,,0.09049823880195618
0,19949,,0.0,,0.09047520160675049
0,19999,,0.0,,0.09023262560367584
0,20049,,0.0,,0.09064717590808868
0,20099,,0.0,,0.08970162272453308
0,20149,,0.0,,0.08804473280906677
0,20199,,0.0,,0.08966852724552155
0,20249,,0.0,,0.088976189494133
0,20299,,0.0,,0.08968015015125275
0,20349,,0.0,,0.08983828127384186
0,20399,,1.0,,0.08764223754405975
0,20449,,0.0,,0.08760532736778259
0,20499,,1.0,,0.08216991275548935
0,20549,,0.0,,0.08951733261346817
0,20599,,0.0,,0.09206607192754745
0,20649,,1.0,,0.083063505589962
0,20699,,0.0,,0.09081356227397919
0,20749,,1.0,,0.08413580060005188
0,20799,,1.0,,0.08509459346532822
0,20849,,0.0,,0.09086718410253525
0,20899,,1.0,,0.08608797937631607
0,20949,,0.0,,0.0906757116317749
0,20999,,0.0,,0.09176021069288254
0,21049,,0.0,,0.08910519629716873
0,21099,,0.0,,0.08992506563663483
0,21149,,1.0,,0.08203299343585968
0,21199,,1.0,,0.08425097167491913
0,21249,,0.0,,0.09124067425727844
0,21299,,0.0,,0.09147603064775467
0,21349,,1.0,,0.07710924744606018
0,21399,,0.0,,0.0898028314113617
0,21449,,0.0,,0.09046821296215057
0,21499,,0.0,,0.09054743498563766
0,21549,,1.0,,0.08414202183485031
0,21599,,0.0,,0.09205180406570435
0,21649,,1.0,,0.08583275228738785
0,21699,,0.0,,0.0910366028547287
0,21749,,0.0,,0.09066532552242279
0,21799,,0.0,,0.08835916221141815
0,21849,,0.0,,0.09009342640638351
0,21899,,0.0,,0.09020869433879852
0,21949,,0.0,,0.08783918619155884
0,21999,,0.0,,0.08781826496124268
0,22049,,0.0,,0.08870451152324677
0,22099,,0.0,,0.08989047259092331
0,22149,,0.0,,0.08772189170122147
0,22199,,1.0,,0.08211267739534378
0,22249,,0.0,,0.0872274786233902
0,22299,,0.0,,0.08787457644939423
0,22349,,0.0,,0.08903133124113083
0,22399,,0.0,,0.09241409599781036
0,22449,,0.0,,0.09070440381765366
0,22499,,0.0,,0.0908118337392807
0,22549,,0.0,,0.09126008301973343
0,22599,,0.0,,0.08775978535413742
0,22649,,0.0,,0.09269468486309052
0,22699,,0.0,,0.08933192491531372
0,22749,,0.0,,0.09286743402481079
0,22799,,1.0,,0.08543401211500168
0,22849,,1.0,,0.07558087259531021
0,22899,,0.0,,0.09422124922275543
0,22949,,0.0,,0.08890031278133392
0,22999,,0.0,,0.09220005571842194
0,23049,,1.0,,0.07695077359676361
0,23099,,0.0,,0.08725139498710632
0,23149,,0.0,,0.0907469242811203
0,23199,,1.0,,0.08627824485301971
0,23249,,1.0,,0.08571004122495651
0,23299,,1.0,,0.08496426790952682
0,23349,,0.0,,0.08887095749378204
0,23399,,1.0,,0.07996965199708939
0,23449,,0.0,,0.09344281256198883
0,23499,,0.0,,0.09101556241512299
0,23549,,0.0,,0.09225475043058395
0,23599,,0.0,,0.08895710855722427
0,23649,,1.0,,0.08380619436502457
0,23699,,0.0,,0.08805949985980988
0,23749,,0.0,,0.087818942964077
0,23799,,0.0,,0.08801527321338654
0,23849,,0.0,,0.08953068405389786
0,23899,,1.0,,0.07737453281879425
0,23949,,0.0,,0.08807583153247833
0,23999,,0.0,,0.08862967789173126
0,24049,,1.0,,0.08499316871166229
0,24099,,0.0,,0.08737985789775848
0,24149,,0.0,,0.08900212496519089
0,24199,,0.0,,0.09369580447673798
0,24249,,0.0,,0.0870010182261467
0,24299,,0.0,,0.08866143971681595
0,24349,,0.0,,0.08992381393909454
0,24399,,0.0,,0.08771868050098419
0,24449,,0.0,,0.08950252085924149
0,24499,,0.0,,0.09227287769317627
0,24549,,1.0,,0.08457761257886887
0,24599,,1.0,,0.07906025648117065
0,24649,,0.0,,0.09050876647233963
0,24699,,0.0,,0.0912410169839859
0,24749,,1.0,,0.08406911045312881
0,24799,,0.0,,0.09153775870800018
0,24849,,1.0,,0.08336925506591797
0,24899,,0.0,,0.08988438546657562
0,24949,,0.0,,0.09057337045669556
0,24999,,0.0,,0.09323389083147049
0,25049,,0.0,,0.09081079065799713
0,25099,,1.0,,0.08601648360490799
0,25149,,0.0,,0.09148605167865753
0,25199,,1.0,,0.08527404069900513
0,25249,,0.0,,0.09260325133800507
0,25299,,0.0,,0.09273447096347809
0,25349,,0.0,,0.09181799739599228
0,25399,,1.0,,0.07584116607904434
0,25449,,0.0,,0.08906205743551254
0,25499,,0.0,,0.09140868484973907
0,25549,,1.0,,0.08366367965936661
0,25599,,0.0,,0.09267295897006989
0,25649,,0.0,,0.08780364692211151
0,25699,,0.0,,0.0915226936340332
0,25749,,0.0,,0.09267023950815201
0,25799,,0.0,,0.08636821806430817
0,25849,,0.0,,0.08911360800266266
0,25899,,1.0,,0.08538796007633209
0,25949,,0.0,,0.092485710978508
0,25999,,0.0,,0.093854159116745
0,26049,,0.0,,0.08559800684452057
0,26099,,1.0,,0.08378119766712189
0,26149,,0.0,,0.09173019975423813
0,26199,,0.0,,0.09198511391878128
0,26249,,1.0,,0.06514184176921844
0,26299,,1.0,,0.08412641286849976
0,26349,,0.0,,0.08606119453907013
0,26399,,0.0,,0.0898987427353859
0,26449,,1.0,,0.07693372666835785
0,26499,,1.0,,0.060823697596788406
0,26549,,0.0,,0.087239570915699
0,26599,,0.0,,0.09050758928060532
0,26649,,0.0,,0.08739443123340607
0,26699,,1.0,,0.06257651001214981
0,26749,,0.0,,0.09033515304327011
0,26799,,0.0,,0.09518664330244064
0,26849,,0.0,,0.09163914620876312
0,26899,,0.0,,0.0886012390255928
0,26949,,0.0,,0.0891522467136383
0,26999,,0.0,,0.09268645197153091
0,27049,,0.0,,0.09368373453617096
0,27099,,0.0,,0.08875604718923569
0,27149,,0.0,,0.08719022572040558
0,27199,,0.0,,0.08986838161945343
0,27249,,0.0,,0.0881243571639061
0,27299,,0.0,,0.09133130311965942
0,27349,,0.0,,0.08969666063785553
0,27399,,0.0,,0.08598087728023529
0,27449,,0.0,,0.09235049039125443
0,27499,,0.0,,0.08731936663389206
0,27549,,0.0,,0.09209451079368591
0,27599,,0.0,,0.08546099811792374
0,27649,,0.0,,0.08716659247875214
0,27699,,0.0,,0.08842349052429199
0,27749,,0.0,,0.0877201110124588
0,27799,,0.0,,0.08764718472957611
0,27849,,0.0,,0.09404449164867401
0,27899,,0.0,,0.08645360171794891
0,27949,,1.0,,0.08423223346471786
0,27999,,0.0,,0.09116886556148529
0,28049,,0.0,,0.09277777373790741
0,28099,,0.0,,0.09063854813575745
0,28149,,1.0,,0.08118511736392975
0,28199,,0.0,,0.08881393820047379
0,28249,,1.0,,0.0867990180850029
0,28299,,1.0,,0.08066357672214508
0,28349,,0.0,,0.08730548620223999
0,28399,,1.0,,0.08599145710468292
0,28449,,1.0,,0.08037620782852173
0,28499,,1.0,,0.08081620186567307
0,28549,,0.0,,0.09217004477977753
0,28599,,0.0,,0.09352562576532364
0,28649,,0.0,,0.08757327497005463
0,28699,,1.0,,0.0812186449766159
0,28749,,1.0,,0.04858854413032532
0,28799,,0.0,,0.09180288016796112
0,28849,,0.0,,0.09458070993423462
0,28899,,0.0,,0.08914082497358322
0,28949,,0.0,,0.0910259559750557
0,28999,,1.0,,0.03831492364406586
0,29049,,0.0,,0.08423400670289993
0,29099,,0.0,,0.0909135490655899
0,29149,,0.0,,0.08994878828525543
0,29199,,0.0,,0.08893156796693802
0,29249,,1.0,,0.04099719971418381
0,29299,,0.0,,0.09554929286241531
0,29349,,0.0,,0.08826632052659988
0,29399,,1.0,,0.04471822828054428
0,29449,,0.0,,0.08965074270963669
0,29499,,0.0,,0.08672430366277695
0,29549,,1.0,,0.03936407342553139
0,29599,,1.0,,0.0845852792263031
0,29649,,0.0,,0.09083279222249985
0,29699,,0.0,,0.08807556331157684
0,29749,,0.0,,0.09061139076948166
0,29799,,0.0,,0.09124530106782913
0,29849,,0.0,,0.08859200775623322
0,29899,,0.0,,0.09026135504245758
0,29949,,0.0,,0.09506691247224808
0,29999,,0.0,,0.09538469463586807
0,30049,,0.0,,0.08716216683387756
0,30099,,0.0,,0.08797807991504669
0,30149,,0.0,,0.08704053610563278
0,30199,,0.0,,0.09004869312047958
0,30249,,0.0,,0.09054496884346008
0,30299,,0.0,,0.08745121210813522
0,30349,,0.0,,0.08816194534301758
0,30399,,0.0,,0.0935046523809433
0,30449,,1.0,,0.032941702753305435
0,30499,,1.0,,0.026905959472060204
0,30549,,0.0,,0.08982773870229721
0,30599,,0.0,,0.10114388167858124
0,30649,,0.0,,0.09682919830083847
0,30699,,1.0,,0.029403528198599815
0,30749,,0.0,,0.09240788966417313
0,30799,,0.0,,0.093626469373703
0,30849,,0.0,,0.09116025269031525
0,30899,,0.0,,0.09496618062257767
0,30949,,1.0,,0.07323084026575089
0,30999,,0.0,,0.0833795890212059
0,31049,,0.0,,0.09495100378990173
0,31099,,1.0,,0.08282846212387085
0,31149,,1.0,,0.0279853455722332
0,31199,,1.0,,0.08523961156606674
0,31249,,0.0,,0.0925804153084755
0,31299,,1.0,,0.0820753201842308
0,31349,,0.0,,0.08948792517185211
0,31399,,1.0,,0.08540569245815277
0,31449,,0.0,,0.09502632915973663
0,31499,,1.0,,0.07639914751052856
0,31549,,0.0,,0.0897255390882492
0,31599,,0.0,,0.09175185114145279
0,31649,,1.0,,0.07294190675020218
0,31699,,1.0,,0.03190268203616142
0,31749,,0.0,,0.07772141695022583
0,31799,,0.0,,0.0908673107624054
0,31849,,1.0,,0.07805139571428299
0,31899,,0.0,,0.08911401033401489
0,31949,,1.0,,0.02765561081469059
0,31999,,1.0,,0.07273147255182266
0,32049,,0.0,,0.08686229586601257
0,32099,,0.0,,0.08804384618997574
0,32149,,0.0,,0.08823080360889435
0,32199,,1.0,,0.07022713124752045
0,32249,,0.0,,0.08758045732975006
0,32299,,0.0,,0.0914502963423729
0,32349,,1.0,,0.07208757102489471
0,32399,,1.0,,0.019695423543453217
0,32449,,1.0,,0.07807295024394989
0,32499,,1.0,,0.02165471762418747
0,32549,,0.0,,0.09339781850576401
0,32599,,0.0,,0.08890916407108307
0,32649,,0.0,,0.08347529172897339
0,32699,,0.0,,0.08950205147266388
0,32749,,0.0,,0.09048138558864594
0,32799,,0.0,,0.08892309665679932
0,32849,,0.0,,0.08894851803779602
0,32899,,0.0,,0.08697830885648727
0,32949,,1.0,,0.07059522718191147
0,32999,,0.0,,0.08546371757984161
0,33049,,0.0,,0.0951671302318573
0,33099,,1.0,,0.07243158668279648
0,33149,,1.0,,0.060837823897600174
0,33199,,0.0,,0.0880596861243248
0,33249,,0.0,,0.09606197476387024
0,33299,,0.0,,0.08827941119670868
0,33349,,0.0,,0.08750103414058685
0,33399,,0.0,,0.09524937719106674
0,33449,,0.0,,0.090690478682518
0,33499,,0.0,,0.09462334215641022
0,33549,,1.0,,0.02912909910082817
0,33599,,0.0,,0.08025996387004852
0,33649,,1.0,,0.07543797045946121
0,33699,,0.0,,0.07493925094604492
0,33749,,1.0,,0.016296034678816795
0,33799,,0.0,,0.08303984999656677
0,33849,,0.0,,0.0880274549126625
0,33899,,1.0,,0.020566392689943314
0,33949,,1.0,,0.017561843618750572
0,33999,,1.0,,0.015231134369969368
0,34049,,0.0,,0.08262814581394196
0,34099,,0.0,,0.08900268375873566
0,34149,,0.0,,0.08655613660812378
0,34199,,1.0,,0.07064653187990189
0,34249,,0.0,,0.08714799582958221
0,34299,,1.0,,0.02231789380311966
0,34349,,0.0,,0.08236812800168991
0,34399,,0.0,,0.10166209936141968
0,34449,,1.0,,0.06411774456501007
0,34499,,0.0,,0.0917314663529396
0,34549,,1.0,,0.0706343874335289
0,34599,,0.0,,0.09202674776315689
0,34649,,1.0,,0.08190488815307617
0,34699,,0.0,,0.08555635809898376
0,34749,,1.0,,0.059554629027843475
0,34799,,0.0,,0.09993467479944229
0,34849,,0.0,,0.08251261711120605
0,34899,,0.0,,0.0938829556107521
0,34949,,0.0,,0.0902455672621727
0,34999,,1.0,,0.0848856270313263
0,35049,,0.0,,0.08679112792015076
0,35099,,1.0,,0.055946629494428635
0,35149,,0.0,,0.10051856935024261
0,35199,,0.0,,0.0928005799651146
0,35249,,0.0,,0.08555547893047333
0,35299,,1.0,,0.0542210228741169
0,35349,,1.0,,0.05377419665455818
0,35399,,0.0,,0.09595273435115814
0,35449,,0.0,,0.09295583516359329
0,35499,,0.0,,0.08030630648136139
0,35549,,0.0,,0.09598558396100998
0,35599,,1.0,,0.08162941038608551
0,35649,,0.0,,0.0779728814959526
0,35699,,1.0,,0.05587022751569748
0,35749,,1.0,,0.07746030390262604
0,35799,,0.0,,0.08983288705348969
0,35849,,0.0,,0.09190353006124496
0,35899,,1.0,,0.0713648870587349
0,35949,,0.0,,0.08084141463041306
0,35999,,0.0,,0.09042193740606308
0,36049,,1.0,,0.017817016690969467
0,36099,,1.0,,0.05504490062594414
0,36149,,0.0,,0.08907804638147354
0,36199,,0.0,,0.08228237926959991
0,36249,,0.0,,0.09212365001440048
0,36299,,1.0,,0.012242118827998638
0,36349,,1.0,,0.012240284122526646
0,36399,,0.0,,0.09314151108264923
0,36449,,1.0,,0.06375695765018463
0,36499,,0.0,,0.09255824238061905
0,36549,,1.0,,0.05864851921796799
0,36599,,0.0,,0.08812196552753448
0,36649,,1.0,,0.08193152397871017
0,36699,,0.0,,0.07974736392498016
0,36749,,0.0,,0.08522608131170273
0,36799,,1.0,,0.07769577205181122
0,36849,,0.0,,0.09238024055957794
0,36899,,0.0,,0.08418165892362595
0,36949,,0.0,,0.08213412761688232
0,36999,,1.0,,0.04576759785413742
0,37049,,1.0,,0.05627264827489853
0,37099,,0.0,,0.09143029898405075
0,37149,,0.0,,0.082033172249794
0,37199,,0.0,,0.08842821419239044
0,37249,,0.0,,0.09925051033496857
0,37299,,0.0,,0.09646932780742645
0,37349,,0.0,,0.08776580542325974
0,37399,,0.0,,0.08296605199575424
0,37449,,1.0,,0.053744591772556305
0,37499,,0.0,,0.08592139184474945
0,37549,,0.0,,0.08479892462491989
0,37599,,0.0,,0.09299604594707489
0,37649,,0.0,,0.10177614539861679
0,37699,,0.0,,0.08535265922546387
0,37749,,1.0,,0.04217582568526268
0,37799,,1.0,,0.01005665771663189
0,37849,,0.0,,0.0784715861082077
0,37899,,0.0,,0.0817292109131813
0,37949,,1.0,,0.06751488149166107
0,37999,,0.0,,0.08236240595579147
0,38049,,0.0,,0.0736616775393486
0,38099,,0.0,,0.0838935524225235
0,38149,,0.0,,0.08106641471385956
0,38199,,0.0,,0.08164156973361969
0,38249,,1.0,,0.0772017389535904
0,38299,,1.0,,0.05102309584617615
0,38349,,0.0,,0.09413352608680725
0,38399,,1.0,,0.07789752632379532
0,38449,,0.0,,0.08610633760690689
0,38499,,1.0,,0.07280541956424713
0,38549,,1.0,,0.0474017970263958
0,38599,,0.0,,0.09082859009504318
0,38649,,0.0,,0.08116431534290314
0,38699,,1.0,,0.05594206601381302
0,38749,,0.0,,0.09969713538885117
0,38799,,1.0,,0.06348581612110138
0,38849,,0.0,,0.09031303226947784
0,38899,,0.0,,0.09669080376625061
0,38949,,1.0,,0.07932265847921371
0,38999,,0.0,,0.08412068337202072
0,39049,,0.0,,0.07104603946208954
0,39099,,0.0,,0.09246430546045303
0,39149,,0.0,,0.08951073884963989
0,39199,,0.0,,0.08196137845516205
0,39249,,0.0,,0.08154832571744919
0,39299,,1.0,,0.05087658762931824
0,39349,,0.0,,0.09755086153745651
0,39399,,1.0,,0.07554082572460175
0,39449,,1.0,,0.03895340859889984
0,39499,,1.0,,0.015312807634472847
0,39549,,1.0,,0.050181347876787186
0,39599,,0.0,,0.07706527411937714
0,39649,,0.0,,0.07682537287473679
0,39699,,0.0,,0.0898386612534523
0,39749,,0.0,,0.08737993985414505
0,39799,,1.0,,0.07350454479455948
0,39849,,0.0,,0.09177406132221222
0,39899,,1.0,,0.07842782139778137
0,39949,,0.0,,0.08063589036464691
0,39999,,1.0,,0.07547031342983246
0,40049,,1.0,,0.039431821554899216
0,40099,,0.0,,0.067649707198143
0,40149,,0.0,,0.09206534922122955
0,40199,,0.0,,0.06379415094852448
0,40249,,0.0,,0.09951279312372208
0,40299,,0.0,,0.08662004768848419
0,40349,,1.0,,0.07601667940616608
0,40399,,1.0,,0.03522996976971626
0,40449,,1.0,,0.040261410176754
0,40499,,1.0,,0.016104478389024734
0,40549,,0.0,,0.08556566387414932
0,40599,,0.0,,0.0752350389957428
0,40649,,1.0,,0.07396601140499115
0,40699,,0.0,,0.09703494608402252
0,40749,,1.0,,0.06153418496251106
0,40799,,1.0,,0.07442112267017365
0,40849,,1.0,,0.008733362890779972
0,40899,,0.0,,0.1097809299826622
0,40949,,0.0,,0.08294574916362762
0,40999,,1.0,,0.08155572414398193
0,41049,,0.0,,0.07157589495182037
0,41099,,0.0,,0.08288989961147308
0,41149,,0.0,,0.09404073655605316
0,41199,,1.0,,0.038334380835294724
0,41249,,0.0,,0.08959481865167618
0,41299,,0.0,,0.07842761278152466
0,41349,,1.0,,0.02640492282807827
0,41399,,1.0,,0.07765491306781769
0,41449,,0.0,,0.08848853409290314
0,41499,,1.0,,0.058468353003263474
0,41549,,0.0,,0.08732853829860687
0,41599,,1.0,,0.029258018359541893
0,41649,,1.0,,0.04736156389117241
0,41699,,0.0,,0.08250327408313751
0,41749,,0.0,,0.08325440436601639
0,41799,,1.0,,0.032897837460041046
0,41849,,1.0,,0.010597281157970428
0,41899,,1.0,,0.04443909600377083
0,41949,,0.0,,0.09162797033786774
0,41999,,1.0,,0.023239586502313614
0,42049,,0.0,,0.08700933307409286
0,42099,,0.0,,0.08174557238817215
0,42149,,0.0,,0.0944945439696312
0,42199,,0.0,,0.08681942522525787
0,42249,,0.0,,0.08187831193208694
0,42299,,0.0,,0.09783561527729034
0,42349,,1.0,,0.03573337197303772
0,42399,,1.0,,0.06889647245407104
0,42449,,1.0,,0.026544207707047462
0,42499,,0.0,,0.10088746249675751
0,42549,,1.0,,0.027290847152471542
0,42599,,0.0,,0.09161357581615448
0,42649,,0.0,,0.0732707530260086
0,42699,,0.0,,0.08891512453556061
0,42749,,0.0,,0.0917166918516159
0,42799,,0.0,,0.09026636183261871
0,42849,,0.0,,0.09665194898843765
0,42899,,1.0,,0.03084069862961769
0,42949,,0.0,,0.09338352829217911
0,42999,,1.0,,0.07415271550416946
0,43049,,1.0,,0.03662281483411789
0,43099,,0.0,,0.07920452207326889
0,43149,,1.0,,0.07947058230638504
0,43199,,0.0,,0.08942876756191254
0,43249,,1.0,,0.01000864990055561
0,43299,,0.0,,0.09473321586847305
0,43349,,0.0,,0.09625868499279022
0,43399,,1.0,,0.060041964054107666
0,43449,,1.0,,0.03123965486884117
0,43499,,1.0,,0.06605007499456406
0,43549,,0.0,,0.07837598025798798
0,43599,,0.0,,0.0862112045288086
0,43649,,1.0,,0.029787277802824974
0,43699,,1.0,,0.041513316333293915
0,43749,,0.0,,0.08758678287267685
0,43799,,0.0,,0.08379559218883514
0,43849,,0.0,,0.09520772844552994
0,43899,,1.0,,0.0687132477760315
0,43949,,0.0,,0.08317618817090988
0,43999,,1.0,,0.06558991968631744
0,44049,,1.0,,0.02205589786171913
0,44099,,1.0,,0.009591938927769661
0,44149,,0.0,,0.09715096652507782
0,44199,,1.0,,0.06911274045705795
0,44249,,1.0,,0.038826365023851395
0,44299,,1.0,,0.07966391742229462
0,44349,,1.0,,0.06533484160900116
0,44399,,1.0,,0.05825458839535713
0,44449,,0.0,,0.0790989100933075
0,44499,,0.0,,0.08488500118255615
0,44549,,0.0,,0.08638297021389008
0,44599,,1.0,,0.07838909327983856
0,44649,,1.0,,0.06615106761455536
0,44699,,1.0,,0.07019961625337601
0,44749,,1.0,,0.033348243683576584
0,44799,,0.0,,0.08883489668369293
0,44849,,0.0,,0.08167961239814758
0,44899,,1.0,,0.05767224356532097
0,44949,,1.0,,0.06565605849027634
0,44999,,1.0,,0.017451193183660507
0,45049,,0.0,,0.08217477798461914
0,45099,,0.0,,0.07691534608602524
0,45149,,1.0,,0.051177263259887695
0,45199,,0.0,,0.0925210639834404
0,45249,,0.0,,0.09411835670471191
0,45299,,0.0,,0.10071341693401337
0,45349,,0.0,,0.08964061737060547
0,45399,,0.0,,0.10145942121744156
0,45449,,0.0,,0.09307710826396942
0,45499,,1.0,,0.0075882659293711185
0,45549,,1.0,,0.01866154745221138
0,45599,,1.0,,0.02164420112967491
0,45649,,1.0,,0.03424791246652603
0,45699,,1.0,,0.08078324794769287
0,45749,,0.0,,0.07626321166753769
0,45799,,1.0,,0.00694773206487298
0,45849,,0.0,,0.08297131955623627
0,45899,,0.0,,0.07998780906200409
0,45949,,0.0,,0.08990385383367538
0,45999,,1.0,,0.0532863512635231
0,46049,,1.0,,0.02802129089832306
0,46099,,1.0,,0.009849590249359608
0,46149,,1.0,,0.009915689937770367
0,46199,,1.0,,0.05912436172366142
0,46249,,1.0,,0.03435107320547104
0,46299,,0.0,,0.09466279298067093
0,46349,,0.0,,0.08775494992733002
0,46399,,1.0,,0.07131624221801758
0,46449,,0.0,,0.07717210054397583
0,46499,,1.0,,0.06551618874073029
0,46549,,1.0,,0.06590529531240463
0,46599,,0.0,,0.105654776096344
0,46649,,1.0,,0.04878156632184982
0,46699,,1.0,,0.07252992689609528
0,46749,,1.0,,0.0057733007706701756
0,46799,,0.0,,0.06646103411912918
0,46849,,1.0,,0.06144125014543533
0,46899,,0.0,,0.07810430228710175
0,46949,,0.0,,0.11073005199432373
0,46999,,0.0,,0.09208643436431885
0,47049,,0.0,,0.0770721286535263
0,47099,,1.0,,0.07301697880029678
0,47149,,0.0,,0.08930234611034393
0,47199,,0.0,,0.08827416598796844
0,47249,,1.0,,0.009204993024468422
0,47299,,0.0,,0.07063878327608109
0,47349,,1.0,,0.0724770724773407
0,47399,,0.0,,0.08567044138908386
0,47449,,1.0,,0.043897971510887146
0,47499,,1.0,,0.016556184738874435
0,47549,,1.0,,0.013734444975852966
0,47599,,0.0,,0.08950598537921906
0,47649,,0.0,,0.10468433052301407
0,47699,,0.0,,0.08078372478485107
0,47749,,1.0,,0.062336672097444534
0,47799,,0.0,,0.0928095281124115
0,47849,,1.0,,0.06891225278377533
0,47899,,0.0,,0.09246285259723663
0,47949,,0.0,,0.09563910961151123
0,47999,,0.0,,0.07122771441936493
0,48049,,1.0,,0.021049827337265015
0,48099,,0.0,,0.14569604396820068
0,48149,,0.0,,0.07180826365947723
0,48199,,1.0,,0.01143462210893631
0,48249,,0.0,,0.08604119718074799
0,48299,,0.0,,0.07059691846370697
0,48349,,1.0,,0.013910770416259766
0,48399,,1.0,,0.031226616352796555
0,48449,,1.0,,0.05959360674023628
0,48499,,1.0,,0.0073462603613734245
0,48549,,1.0,,0.04926365986466408
0,48599,,0.0,,0.07786114513874054
0,48649,,1.0,,0.028966855257749557
0,48699,,1.0,,0.023507297039031982
0,48749,,0.0,,0.0945592150092125
0,48799,,0.0,,0.08563186228275299
0,48849,,0.0,,0.07048095762729645
0,48899,,1.0,,0.08050878345966339
0,48949,,1.0,,0.0629749670624733
0,48999,,1.0,,0.03721102699637413
0,49049,,0.0,,0.09271135926246643
0,49099,,1.0,,0.04208947718143463
0,49149,,0.0,,0.10551391541957855
0,49199,,0.0,,0.09745591133832932
0,49249,,1.0,,0.008108792826533318
0,49299,,1.0,,0.02571714296936989
0,49349,,1.0,,0.006366631481796503
0,49399,,0.0,,0.08258633315563202
0,49449,,1.0,,0.08132313191890717
0,49499,,0.0,,0.076072558760643
0,49549,,1.0,,0.06731342524290085
0,49599,,1.0,,0.05551190301775932
0,49649,,1.0,,0.04644949361681938
0,49699,,1.0,,0.009540902450680733
0,49749,,1.0,,0.0171891488134861
0,49799,,0.0,,0.08872954547405243
0,49849,,1.0,,0.008209923282265663
0,49899,,0.0,,0.0829712525010109
0,49949,,1.0,,0.05832277983427048
0,49999,,1.0,,0.0631195679306984
0,50049,,1.0,,0.035111863166093826
0,50099,,0.0,,0.07073632627725601
0,50149,,1.0,,0.04384390264749527
0,50199,,1.0,,0.03829186409711838
0,50249,,1.0,,0.011935212649405003
0,50299,,0.0,,0.09201480448246002
0,50349,,1.0,,0.03035230003297329
0,50399,,1.0,,0.035739485174417496
0,50449,,0.0,,0.0921153873205185
0,50499,,0.0,,0.08710061013698578
0,50549,,0.0,,0.08266758918762207
0,50599,,1.0,,0.07060621678829193
0,50649,,1.0,,0.06261727213859558
0,50699,,1.0,,0.061271119862794876
0,50749,,0.0,,0.09075389802455902
0,50799,,1.0,,0.05477522686123848
0,50849,,0.0,,0.09219454228878021
0,50899,,0.0,,0.09450559318065643
0,50949,,0.0,,0.06458179652690887
0,50999,,1.0,,0.024320241063833237
0,51049,,1.0,,0.00861546490341425
0,51099,,0.0,,0.0996636301279068
0,51149,,0.0,,0.06293027102947235
0,51199,,0.0,,0.07010580599308014
0,51249,,0.0,,0.08678054809570312
0,51299,,0.0,,0.11532173305749893
0,51349,,0.0,,0.09052877128124237
0,51399,,0.0,,0.06884340941905975
0,51449,,1.0,,0.03605947270989418
0,51499,,0.0,,0.08919840306043625
0,51549,,1.0,,0.03957366198301315
0,51599,,1.0,,0.05083011835813522
0,51649,,1.0,,0.030007177963852882
0,51699,,0.0,,0.08347098529338837
0,51749,,0.0,,0.09274698793888092
0,51799,,1.0,,0.05610601231455803
0,51849,,1.0,,0.01472594402730465
0,51899,,1.0,,0.0162364412099123
0,51949,,1.0,,0.026968318969011307
0,51999,,0.0,,0.08930166810750961
0,52049,,1.0,,0.011071257293224335
0,52099,,1.0,,0.05151990056037903
0,52149,,1.0,,0.03498359024524689
0,52199,,1.0,,0.014788761734962463
0,52249,,1.0,,0.013443471863865852
0,52299,,1.0,,0.05461452528834343
0,52349,,1.0,,0.07047717273235321
0,52399,,0.0,,0.08383990079164505
0,52449,,0.0,,0.1109420657157898
0,52499,,1.0,,0.027264053001999855
0,52549,,1.0,,0.028274094685912132
0,52599,,0.0,,0.08426308631896973
0,52649,,1.0,,0.026735985651612282
0,52699,,1.0,,0.05727728083729744
0,52749,,1.0,,0.05879008769989014
0,52799,,1.0,,0.04776744544506073
0,52849,,0.0,,0.08683926612138748
0,52899,,0.0,,0.10184155404567719
0,52949,,0.0,,0.06756380945444107
0,52999,,1.0,,0.030257344245910645
0,53049,,1.0,,0.016571413725614548
0,53099,,1.0,,0.07593126595020294
0,53149,,1.0,,0.01310429535806179
0,53199,,1.0,,0.014047011733055115
0,53249,,0.0,,0.07121168822050095
0,53299,,1.0,,0.012065219692885876
0,53349,,1.0,,0.009060417301952839
0,53399,,1.0,,0.03643781319260597
0,53449,,1.0,,0.055254511535167694
0,53499,,1.0,,0.05384316295385361
0,53549,,1.0,,0.05429992079734802
0,53599,,0.0,,0.1325608193874359
0,53649,,1.0,,0.05667456239461899
0,53699,,1.0,,0.009851083159446716
0,53749,,0.0,,0.06551668792963028
0,53799,,1.0,,0.06011012941598892
0,53849,,1.0,,0.0660698264837265
0,53899,,1.0,,0.005500549916177988
0,53949,,0.0,,0.06863518804311752
0,53999,,1.0,,0.029161283746361732
0,54049,,1.0,,0.05190064385533333
0,54099,,1.0,,0.06632643193006516
0,54149,,1.0,,0.05492958426475525
0,54199,,1.0,,0.022863825783133507
0,54249,,0.0,,0.10307860374450684
0,54299,,1.0,,0.0179329514503479
0,54349,,0.0,,0.07286347448825836
0,54399,,1.0,,0.015212774276733398
0,54449,,1.0,,0.0065498314797878265
0,54499,,1.0,,0.007052208296954632
0,54549,,1.0,,0.054135553538799286
0,54599,,1.0,,0.04914376512169838
0,54649,,0.0,,0.09757192432880402
0,54699,,1.0,,0.05213802307844162
0,54749,,1.0,,0.05669205263257027
0,54799,,0.0,,0.0977460965514183
0,54849,,0.0,,0.08483179658651352
0,54899,,1.0,,0.00942294578999281
0,54949,,1.0,,0.021280571818351746
0,54999,,1.0,,0.006106547079980373
0,55049,,0.0,,0.06546179950237274
0,55099,,1.0,,0.007863654755055904
0,55149,,1.0,,0.030321339145302773
0,55199,,1.0,,0.009073643945157528
0,55249,,1.0,,0.0377553328871727
0,55299,,1.0,,0.012655983678996563
0,55349,,1.0,,0.008721360936760902
0,55399,,1.0,,0.009912963025271893
0,55449,,1.0,,0.01193197164684534
0,55499,,0.0,,0.08023208379745483
0,55549,,1.0,,0.023182783275842667
0,55599,,0.0,,0.07939577102661133
0,55649,,0.0,,0.07564206421375275
0,55699,,1.0,,0.009025221690535545
0,55749,,0.0,,0.0872313603758812
0,55799,,1.0,,0.01158209703862667
0,55849,,1.0,,0.03928852081298828
0,55899,,0.0,,0.10613362491130829
0,55949,,0.0,,0.0872546061873436
0,55999,,0.0,,0.08004352450370789
0,56049,,1.0,,0.06709928810596466
0,56099,,1.0,,0.019380195066332817
0,56149,,1.0,,0.020336803048849106
0,56199,,1.0,,0.022000394761562347
0,56249,,0.0,,0.061805397272109985
0,56299,,1.0,,0.007337914314121008
0,56349,,1.0,,0.007171547506004572
0,56399,,1.0,,0.06469966471195221
0,56449,,0.0,,0.08323539793491364
0,56499,,1.0,,0.06026250123977661
0,56549,,1.0,,0.0084595438092947
0,56599,,1.0,,0.06504739075899124
0,56649,,1.0,,0.01982300356030464
0,56699,,1.0,,0.005995274521410465
0,56749,,0.0,,0.09130354225635529
0,56799,,1.0,,0.02044525183737278
0,56849,,0.0,,0.0623997338116169
0,56899,,1.0,,0.01791616529226303
0,56949,,1.0,,0.012460309080779552
0,56999,,0.0,,0.07539219409227371
0,57049,,1.0,,0.06775741279125214
0,57099,,0.0,,0.07443900406360626
0,57149,,1.0,,0.06032614782452583
0,57199,,1.0,,0.06506644189357758
0,57249,,0.0,,0.0792132169008255
0,57299,,1.0,,0.006459738127887249
0,57349,,1.0,,0.03137289360165596
0,57399,,1.0,,0.04687890037894249
0,57449,,1.0,,0.05725116282701492
0,57499,,1.0,,0.01962169259786606
0,57549,,0.0,,0.062469907104969025
0,57599,,1.0,,0.04534965381026268
0,57649,,1.0,,0.05245183780789375
0,57699,,1.0,,0.052489764988422394
0,57749,,1.0,,0.009532486088573933
0,57799,,1.0,,0.014374205842614174
0,57849,,0.0,,0.0682363286614418
0,57899,,0.0,,0.07668241113424301
0,57949,,1.0,,0.010490013286471367
0,57999,,1.0,,0.06468189507722855
0,58049,,0.0,,0.07286931574344635
0,58099,,0.0,,0.08559353649616241
0,58149,,1.0,,0.042303912341594696
0,58199,,1.0,,0.01663874462246895
0,58249,,1.0,,0.07619735598564148
0,58299,,1.0,,0.03817310184240341
0,58349,,0.0,,0.10775647312402725
0,58399,,1.0,,0.016579240560531616
0,58449,,1.0,,0.032861366868019104
0,58499,,0.0,,0.08044910430908203
0,58549,,0.0,,0.1266026794910431
0,58599,,1.0,,0.02023189701139927
0,58649,,1.0,,0.019192002713680267
0,58699,,1.0,,0.07692794501781464
0,58749,,1.0,,0.06384944170713425
0,58799,,1.0,,0.01821541041135788
0,58849,,1.0,,0.005088680889457464
0,58899,,1.0,,0.043929096311330795
0,58949,,1.0,,0.03727034106850624
0,58999,,1.0,,0.06344480812549591
0,59049,,0.0,,0.07969488203525543
0,59099,,0.0,,0.07592214643955231
0,59149,,1.0,,0.03679746389389038
0,59199,,1.0,,0.01027948223054409
0,59249,,1.0,,0.0670328438282013
0,59299,,0.0,,0.07961472123861313
0,59349,,1.0,,0.02204982563853264
0,59399,,0.0,,0.06541382521390915
0,59449,,1.0,,0.03587479516863823
0,59499,,1.0,,0.07065411657094955
0,59549,,1.0,,0.029482880607247353
0,59599,,1.0,,0.009598742239177227
0,59649,,0.0,,0.10078754276037216
0,59699,,0.0,,0.09143830835819244
0,59749,,1.0,,0.026770472526550293
0,59799,,1.0,,0.005629064980894327
0,59849,,0.0,,0.09265594184398651
0,59899,,1.0,,0.008884632028639317
0,59949,,1.0,,0.07376112043857574
0,59999,,1.0,,0.04401542991399765
0,59999,0.3307333290576935,,0.0768929272890091,
